id,name,category,section,price,description,talle,medidas,estado,img,img2,sizes,is_new,is_sold,created_at,images,categories,sort_order
082959e1-c731-4681-942d-11d3dd17ddc0,Camisa Legacy Y2K – Hombre,camisas,arriba,35000,Detalle: Leves manchas de estar guardada,L,Ancho 51cm | Largo 72cm,9/10,https://iifrudupaxcahnopxqcb.supabase.co/storage/v1/object/public/Products/temp-1783203463685-72vbtp/1783203636198-bvcgb4.webp,https://iifrudupaxcahnopxqcb.supabase.co/storage/v1/object/public/Products/temp-1783203463685-72vbtp/1783203634982-jkuh4a.webp,"[""L""]",true,false,2026-07-04 22:20:44.424527+00,"[""https://iifrudupaxcahnopxqcb.supabase.co/storage/v1/object/public/Products/temp-1783203463685-72vbtp/1783203636198-bvcgb4.webp"", ""https://iifrudupaxcahnopxqcb.supabase.co/storage/v1/object/public/Products/temp-1783203463685-72vbtp/1783203634982-jkuh4a.webp"", ""https://iifrudupaxcahnopxqcb.supabase.co/storage/v1/object/public/Products/temp-1783203463685-72vbtp/1783203635760-zx1qk9.webp""]","[""camisas""]",13
094b6037-29af-49f0-997c-89d2b3ee4dfa,Hoodie Nike Sportswear All Over Logo – Unisex,hoodies,arriba,75000,"Estampado all over de logos Nike + Swoosh Bordado. Frisa suave, cómoda y de muy buena calidad.",XL - Para S,Ancho 50cm | Largo 62cm,10/10,https://iifrudupaxcahnopxqcb.supabase.co/storage/v1/object/public/Products/temp-1782927363262-azh8yz/1782927368470-av02mp.webp,,"[""S""]",true,false,2026-07-01 17:42:28.35407+00,"[""https://iifrudupaxcahnopxqcb.supabase.co/storage/v1/object/public/Products/temp-1782927363262-azh8yz/1782927368470-av02mp.webp""]","[""hoodies""]",8
0aa44063-e9e1-4dda-af19-964e717ccdf3,Remera Nike – Hombre,remeras,arriba,42000,Impecable,M,Ancho 50cm | Largo 65cm,10/10,https://iifrudupaxcahnopxqcb.supabase.co/storage/v1/object/public/Products/temp-1783110784663-3146yk/1783110864063-r4ov32.webp,https://iifrudupaxcahnopxqcb.supabase.co/storage/v1/object/public/Products/temp-1783110784663-3146yk/1783110862483-3am0rr.webp,"[""M""]",true,false,2026-07-03 20:34:38.21635+00,"[""https://iifrudupaxcahnopxqcb.supabase.co/storage/v1/object/public/Products/temp-1783110784663-3146yk/1783110864063-r4ov32.webp"", ""https://iifrudupaxcahnopxqcb.supabase.co/storage/v1/object/public/Products/temp-1783110784663-3146yk/1783110862483-3am0rr.webp"", ""https://iifrudupaxcahnopxqcb.supabase.co/storage/v1/object/public/Products/temp-1783110784663-3146yk/1783110863447-tdar28.webp""]","[""remeras"",""casacas deportivas""]",20
13bfecfe-9d79-48aa-99a3-f71068a31fab,Hoodie Adidas Crewneck Built for Purpose '18  – Unisex,hoodies,arriba,65000,"<strong> Logos estampados y linea negra frontal bordada </strong>, tela muy suave, cómoda y liviana. <strong> Calidad de confección del año 2018</strong>",XL - Para L,Ancho 62cm | Largo 68cm,10/10,https://iifrudupaxcahnopxqcb.supabase.co/storage/v1/object/public/Products/13bfecfe-9d79-48aa-99a3-f71068a31fab/1782924025464-whtknv.webp,https://iifrudupaxcahnopxqcb.supabase.co/storage/v1/object/public/Products/13bfecfe-9d79-48aa-99a3-f71068a31fab/1783214389818-h41guy.jpeg,"[""L""]",true,false,2026-06-30 02:11:15.701254+00,"[""https://iifrudupaxcahnopxqcb.supabase.co/storage/v1/object/public/Products/13bfecfe-9d79-48aa-99a3-f71068a31fab/1782924025464-whtknv.webp"", ""https://iifrudupaxcahnopxqcb.supabase.co/storage/v1/object/public/Products/13bfecfe-9d79-48aa-99a3-f71068a31fab/1783214389818-h41guy.jpeg"", ""https://iifrudupaxcahnopxqcb.supabase.co/storage/v1/object/public/Products/13bfecfe-9d79-48aa-99a3-f71068a31fab/1783214789259-9zyilc.webp""]","[""hoodies""]",14
1a7a5025-10d0-41e9-9bc8-662de91fce9d,Polar Columbia Sportswear Snap-T Fleece Retro 90s – Hombre,hoodies,arriba,90000,<strong>Columbia Sportswear</strong> Snap-T Fleece <strong>90s</strong>. Pullover <strong>half-snap</strong> con <strong>4 botones a presión</strong>. Cuello alto reforzado en <strong>nylon azul rey</strong>. Bolsillo canguro frontal con <strong>cierre YKK</strong>. <strong>Patch Columbia bordado</strong> original. <strong>Jaretas ajustables</strong> en cintura. <strong>Fleece 300g</strong> sin pilling ni desgaste. Colorway <strong>azul petróleo y azul rey</strong>. Fit <strong>boxy oversize.</strong>,XL,Ancho 60cm | Largo 74cm,10/10,https://iifrudupaxcahnopxqcb.supabase.co/storage/v1/object/public/Products/1a7a5025-10d0-41e9-9bc8-662de91fce9d/1782955625099-24jgl0.webp,https://iifrudupaxcahnopxqcb.supabase.co/storage/v1/object/public/Products/1a7a5025-10d0-41e9-9bc8-662de91fce9d/1782931416051-bw9j5b.webp,"[""XL""]",true,false,2026-06-15 00:17:28.074218+00,"[""https://iifrudupaxcahnopxqcb.supabase.co/storage/v1/object/public/Products/1a7a5025-10d0-41e9-9bc8-662de91fce9d/1782955625099-24jgl0.webp"", ""https://iifrudupaxcahnopxqcb.supabase.co/storage/v1/object/public/Products/1a7a5025-10d0-41e9-9bc8-662de91fce9d/1782931416051-bw9j5b.webp"", ""https://iifrudupaxcahnopxqcb.supabase.co/storage/v1/object/public/Products/1a7a5025-10d0-41e9-9bc8-662de91fce9d/1782931414814-i0tvde.webp""]","[""hoodies"",""polares""]",2
31ed3adc-19a7-4a79-930c-6f910a0d7164,Hoodie Jerzees Outdoors RealTree Camo – Unisex,hoodies,arriba,54000,,M,Ancho 56cm | Largo 70cm,10/10,https://iifrudupaxcahnopxqcb.supabase.co/storage/v1/object/public/Products/31ed3adc-19a7-4a79-930c-6f910a0d7164/1782923998239-jpcoe4.webp,,"[""M""]",true,false,2026-06-30 19:34:32.367405+00,"[""https://iifrudupaxcahnopxqcb.supabase.co/storage/v1/object/public/Products/31ed3adc-19a7-4a79-930c-6f910a0d7164/1782923998239-jpcoe4.webp""]","[""hoodies""]",5
4193d43f-e943-4dea-bd19-59fe11efce60,Campera Nike Winddrunner Vintage Puffer 2008 – Hombre,camperas zip,arriba,70000,"Acolchada e ideal para uso diario o actividades al aire libre. Cuenta con <strong>interior de guata en excelente estado</strong>, brindando muy buena capacidad térmica. Incorpora un <strong>bolsillo interno de gran tamaño</strong>, además de dos bolsillos laterales con cierres y mini swoosh. Presenta <strong>Swoosh en la espalda</strong>, <strong>elásticos de puños y cintura en excelente estado</strong> y un <strong>cuerpo muy bien conservado</strong>, con colores vivos. El <strong>cierre principal YKK, conserva completamente su acabado (sin pintura saltada ni picaduras)</strong> y <strong>funciona correctamente</strong>, aunque se encuentra <strong>algo duro al deslizar</strong>. Como detalles, presenta un <strong>leve raspón</strong>, <strong>leves pelotitas en la parte trasera a la altura del cuello</strong> y <strong>uno de los cierres de los bolsillos laterales funciona de manera irregular</strong>. <strong>No conserva la etiqueta de talle</strong>, por lo que se recomienda guiarse por las medidas.",M – Sin Etiqueta,Ancho 55cm | Largo 69cm,"8,5/10",https://iifrudupaxcahnopxqcb.supabase.co/storage/v1/object/public/Products/temp-1782932772477-vs7yjy/1782932809374-bo60ti.webp,https://iifrudupaxcahnopxqcb.supabase.co/storage/v1/object/public/Products/temp-1782932772477-vs7yjy/1782932808784-591u9d.webp,"[""M""]",true,false,2026-07-01 19:14:21.659991+00,"[""https://iifrudupaxcahnopxqcb.supabase.co/storage/v1/object/public/Products/temp-1782932772477-vs7yjy/1782932809374-bo60ti.webp"", ""https://iifrudupaxcahnopxqcb.supabase.co/storage/v1/object/public/Products/temp-1782932772477-vs7yjy/1782932808784-591u9d.webp"", ""https://iifrudupaxcahnopxqcb.supabase.co/storage/v1/object/public/Products/temp-1782932772477-vs7yjy/1782932807967-kn7r1i.webp"", ""https://iifrudupaxcahnopxqcb.supabase.co/storage/v1/object/public/Products/temp-1782932772477-vs7yjy/1782932805608-j1aaci.webp"", ""https://iifrudupaxcahnopxqcb.supabase.co/storage/v1/object/public/Products/temp-1782932772477-vs7yjy/1782932804850-n1uduj.webp"", ""https://iifrudupaxcahnopxqcb.supabase.co/storage/v1/object/public/Products/temp-1782932772477-vs7yjy/1782932806418-6r1wlt.webp"", ""https://iifrudupaxcahnopxqcb.supabase.co/storage/v1/object/public/Products/temp-1782932772477-vs7yjy/1782932807034-ykm6xi.webp""]","[""camperas zip"",""camperas""]",26
551dd42b-5a25-4f36-b056-875fe1a3e2ac,Chaps windbreaker colorblock – Hombre,polares,arriba,80000,"<strong>Campera con Interior Polar.</strong> En su versión más buscada: Exterior rompeviento impermeable en Azul Marino y Polar Exterior e interior de color Rojo <strong>, Cierres YKK, 2 bolsillos laterales con cierre y cierre principal, puños y ruedo elastizados, logo Chaps bordado en brazo Izquierda.
Detalles: Leve rayadura en Cierre Principal YKK.",L - Para XL,Ancho 64cm | Largo 75cm,10/10,https://iifrudupaxcahnopxqcb.supabase.co/storage/v1/object/public/Products/temp-1782832647537-wwo6cb/1782832660403-9wigvm.webp,,"[""L""]",true,false,2026-06-30 15:25:30.515925+00,"[""https://iifrudupaxcahnopxqcb.supabase.co/storage/v1/object/public/Products/temp-1782832647537-wwo6cb/1782832660403-9wigvm.webp""]","[""polares"",""camperas zip"",""camperas""]",10
5dd1b1f3-5faa-493b-808e-b006231ed0b4,Polar Polo Sport Ralph Lauren 90s – Hombre,hoodies,arriba,98000,Cuenta con <strong>Cierre Salmi Metalico</strong> original de época <strong>Bordado Polo Sport</strong> con <strong>Bandera USA</strong> bordada a full detalle <strong>Tela Fleece 100% Polyester</strong> gruesa <strong>Hecha en USA</strong> <strong>Corte Oversize boxy</strong> <strong>Color navy azul marino</strong> pieza <strong>Vintage de los 90s</strong>,XL,Ancho 73cm | Largo 75cm,10/10,https://iifrudupaxcahnopxqcb.supabase.co/storage/v1/object/public/Products/temp-1783111584706-380v7p/1783111732075-y0nq4z.webp,https://iifrudupaxcahnopxqcb.supabase.co/storage/v1/object/public/Products/temp-1783111584706-380v7p/1783111731482-gaea18.webp,"[""XL""]",true,false,2026-07-03 20:49:01.882457+00,"[""https://iifrudupaxcahnopxqcb.supabase.co/storage/v1/object/public/Products/temp-1783111584706-380v7p/1783111732075-y0nq4z.webp"", ""https://iifrudupaxcahnopxqcb.supabase.co/storage/v1/object/public/Products/temp-1783111584706-380v7p/1783111731482-gaea18.webp"", ""https://iifrudupaxcahnopxqcb.supabase.co/storage/v1/object/public/Products/temp-1783111584706-380v7p/1783111729443-v5lm5d.webp"", ""https://iifrudupaxcahnopxqcb.supabase.co/storage/v1/object/public/Products/temp-1783111584706-380v7p/1783111730765-ol1mfo.webp""]","[""hoodies"",""polares""]",3
68cf5365-06aa-424b-8aa6-366b1e1f183c,Hoodie Champion – Unisex,hoodies,arriba,135000,"Buzo de algodón pesado y grueso, felpa interior en excelente estado.
Detalles: Leve desgaste general",L - Oversize,Ancho 57cm | Largo 68cm,"9,5/10",https://iifrudupaxcahnopxqcb.supabase.co/storage/v1/object/public/Products/temp-1783019116913-pke683/1783019454859-ud9d40.webp,https://iifrudupaxcahnopxqcb.supabase.co/storage/v1/object/public/Products/temp-1783019116913-pke683/1783019453974-af9dvs.webp,"[""L""]",true,false,2026-07-02 19:13:44.62565+00,"[""https://iifrudupaxcahnopxqcb.supabase.co/storage/v1/object/public/Products/temp-1783019116913-pke683/1783019454859-ud9d40.webp"", ""https://iifrudupaxcahnopxqcb.supabase.co/storage/v1/object/public/Products/temp-1783019116913-pke683/1783019453974-af9dvs.webp"", ""https://iifrudupaxcahnopxqcb.supabase.co/storage/v1/object/public/Products/temp-1783019116913-pke683/1783019453167-rmlfrl.webp"", ""https://iifrudupaxcahnopxqcb.supabase.co/storage/v1/object/public/Products/temp-1783019116913-pke683/1783019454416-cgy6q8.webp""]","[""hoodies""]",1
6dd44137-9f07-4c30-866d-4a3d38357fc1,Sweater Nautica Jeans Co. NJ99 Knit – Hombre,sweaters,arriba,80000,"Tejido de punto grueso, suave al tacto, firme y en excelente estado. Sin bolitas, sin manchas ni desgaste. Puños y cintura conservan su elasticidad. Ideal para otoño e invierno.",XL - Oversize,Ancho 65cm | Largo 78cm,10/10,https://iifrudupaxcahnopxqcb.supabase.co/storage/v1/object/public/Products/6dd44137-9f07-4c30-866d-4a3d38357fc1/1782931140403-ho5vj5.webp,,"[""XXL""]",true,false,2026-07-01 17:34:43.935689+00,"[""https://iifrudupaxcahnopxqcb.supabase.co/storage/v1/object/public/Products/6dd44137-9f07-4c30-866d-4a3d38357fc1/1782931140403-ho5vj5.webp""]","[""sweaters""]",27
6f9ec43a-0921-4cf4-aca4-dc8194e7bc25,Hoodie Adidas Essentials Negro – Unisex,hoodies,arriba,35000,Detalles: Leve desgaste general,S - Para M,Ancho 55cm | Largo 69cm,"8,5/10",https://iifrudupaxcahnopxqcb.supabase.co/storage/v1/object/public/Products/6f9ec43a-0921-4cf4-aca4-dc8194e7bc25/1783012161902-tzzhsy.webp,,"[""M""]",true,true,2026-06-30 19:42:23.120211+00,"[""https://iifrudupaxcahnopxqcb.supabase.co/storage/v1/object/public/Products/6f9ec43a-0921-4cf4-aca4-dc8194e7bc25/1783012161902-tzzhsy.webp""]","[""hoodies""]",0
7a04b910-17f2-4e38-ab6e-e2bb62207f69,Hoodie Polar Salomon Fleece Y2K Logo Debossed – Hombre,hoodies,arriba,60000,"Pieza gorpcore de los 2000s en <strong> color celeste vivo</strong>. Confeccionado en <strong>polar fleece de alta densidad</strong>, suave, liviano y abrigado por dentro. <strong>Fit boxy oversize</strong> con caída recta y capucha estructurada que mantiene la forma, sin cordones para estética minimal.
<strong>Logo Salomon debossed</strong> en pecho, <strong>canguro frontal amplio</strong> y mangas con caida amplea + cintura recta.",L,Ancho 59cm | Largo 72cm,10/10,https://iifrudupaxcahnopxqcb.supabase.co/storage/v1/object/public/Products/Hoodie%20Polar%20Salomon.webp,https://iifrudupaxcahnopxqcb.supabase.co/storage/v1/object/public/Products/Hoodie%20Polar%20Salomon%201.webp,"[""L""]",true,false,2026-06-23 16:38:53.708796+00,"[""https://iifrudupaxcahnopxqcb.supabase.co/storage/v1/object/public/Products/Hoodie%20Polar%20Salomon.webp"", ""https://iifrudupaxcahnopxqcb.supabase.co/storage/v1/object/public/Products/Hoodie%20Polar%20Salomon%201.webp"", ""https://iifrudupaxcahnopxqcb.supabase.co/storage/v1/object/public/Products/Hoodie%20Polar%20Salomon%202.webp""]","[""hoodies"",""polares""]",33
82e65f95-a2a9-45a4-b6ad-273f5a63a25e,Hoodie Champion Crewneck Reverse Weave Big Logo 90s – Unisex,hoodies,arriba,150000,"<strong>Confección que no se deforma</strong>, con interior afelpado y corte loose oversize. <strong>Color amarillo vibrante con gran logo C verde, script Champion fucsia bordado en pecho y linea celeste, triple logo en manga derecha bordados y C clásico en puño.</strong> Sin uso, sin pelusas, sin detalles. Oversize a gusto, va bien para M,L y XL. <strong>Pieza unica, colección vintage 90s, difícil de conseguir en este color, logos y calidad.</strong>",L o XL - Oversize,Ancho 67cm | Largo 74cm,10/10,https://iifrudupaxcahnopxqcb.supabase.co/storage/v1/object/public/Products/82e65f95-a2a9-45a4-b6ad-273f5a63a25e/1782924011974-yj6ipk.webp,https://iifrudupaxcahnopxqcb.supabase.co/storage/v1/object/public/Products/82e65f95-a2a9-45a4-b6ad-273f5a63a25e/1783461609432-7l4b3i.webp,"[""L""]",true,false,2026-06-30 15:58:30.897945+00,"[""https://iifrudupaxcahnopxqcb.supabase.co/storage/v1/object/public/Products/82e65f95-a2a9-45a4-b6ad-273f5a63a25e/1782924011974-yj6ipk.webp"", ""https://iifrudupaxcahnopxqcb.supabase.co/storage/v1/object/public/Products/82e65f95-a2a9-45a4-b6ad-273f5a63a25e/1783461609432-7l4b3i.webp"", ""https://iifrudupaxcahnopxqcb.supabase.co/storage/v1/object/public/Products/82e65f95-a2a9-45a4-b6ad-273f5a63a25e/1783461608981-1h1zxi.webp"", ""https://iifrudupaxcahnopxqcb.supabase.co/storage/v1/object/public/Products/82e65f95-a2a9-45a4-b6ad-273f5a63a25e/1783461609878-reqr4s.webp"", ""https://iifrudupaxcahnopxqcb.supabase.co/storage/v1/object/public/Products/82e65f95-a2a9-45a4-b6ad-273f5a63a25e/1783461610429-ossu89.webp""]","[""hoodies""]",9
8316e142-32ec-46d0-b8b0-8bb33bd947a3,Campera Schmind x Realtree Fleece – Mujer,camperas zip,arriba,60000,,XXXL - Para XXL,Ancho 68cm | Largo 72cm,"8,5/10",https://iifrudupaxcahnopxqcb.supabase.co/storage/v1/object/public/Products/temp-1783009939053-xczrgo/1783010092397-0h0kd6.webp,https://iifrudupaxcahnopxqcb.supabase.co/storage/v1/object/public/Products/temp-1783009939053-xczrgo/1783010091502-yuvnbs.webp,"[""XXL""]",true,false,2026-07-02 16:36:37.434767+00,"[""https://iifrudupaxcahnopxqcb.supabase.co/storage/v1/object/public/Products/temp-1783009939053-xczrgo/1783010092397-0h0kd6.webp"", ""https://iifrudupaxcahnopxqcb.supabase.co/storage/v1/object/public/Products/temp-1783009939053-xczrgo/1783010091502-yuvnbs.webp""]","[""camperas zip"",""camperas""]",21
84f3e4c6-8a16-45ac-a118-ada41677fe3d,Polar Zip Quechua Stratermic,polares,arriba,65000,,L - Para M,Ancho 52cm | Largo 58cm,10/10,https://iifrudupaxcahnopxqcb.supabase.co/storage/v1/object/public/Products/84f3e4c6-8a16-45ac-a118-ada41677fe3d/1783037780004-tkd5h0.webp,https://iifrudupaxcahnopxqcb.supabase.co/storage/v1/object/public/Products/84f3e4c6-8a16-45ac-a118-ada41677fe3d/1783037777508-4096mn.webp,"[""M""]",true,false,2026-07-03 00:04:55.159694+00,"[""https://iifrudupaxcahnopxqcb.supabase.co/storage/v1/object/public/Products/84f3e4c6-8a16-45ac-a118-ada41677fe3d/1783037780004-tkd5h0.webp"", ""https://iifrudupaxcahnopxqcb.supabase.co/storage/v1/object/public/Products/84f3e4c6-8a16-45ac-a118-ada41677fe3d/1783037777508-4096mn.webp"", ""https://iifrudupaxcahnopxqcb.supabase.co/storage/v1/object/public/Products/84f3e4c6-8a16-45ac-a118-ada41677fe3d/1783037779458-fag2qu.webp"", ""https://iifrudupaxcahnopxqcb.supabase.co/storage/v1/object/public/Products/84f3e4c6-8a16-45ac-a118-ada41677fe3d/1783037778527-dgu4ro.webp""]","[""polares"",""camperas zip""]",15
8f9458be-38b9-4e51-b6d1-4b926644b0d1,Hoodie Reebok Crewneck Big Logo – Unisex,hoodies,arriba,60000,"<strong> Color Azul Marino</strong>. <strong> Big Logo estampado </strong>, muy suave, comodo y liviano.
Detalles: Ninguno",L,Ancho 58cm | Largo 68cm,10/10,https://iifrudupaxcahnopxqcb.supabase.co/storage/v1/object/public/Products/8f9458be-38b9-4e51-b6d1-4b926644b0d1/1782924040728-u26v3p.webp,https://iifrudupaxcahnopxqcb.supabase.co/storage/v1/object/public/Products/temp-1782780584977-fukxje/1782780598361-2lqzi7.webp,"[""L""]",true,false,2026-06-30 00:55:16.778617+00,"[""https://iifrudupaxcahnopxqcb.supabase.co/storage/v1/object/public/Products/8f9458be-38b9-4e51-b6d1-4b926644b0d1/1782924040728-u26v3p.webp"", ""https://iifrudupaxcahnopxqcb.supabase.co/storage/v1/object/public/Products/temp-1782780584977-fukxje/1782780598361-2lqzi7.webp"", ""https://iifrudupaxcahnopxqcb.supabase.co/storage/v1/object/public/Products/temp-1782780584977-fukxje/1782780595567-3tf59e.webp""]","[""hoodies""]",30
96b145c7-99af-41fa-b262-2b4c781a4608,Polar The North Face Full Zip Fleece Jacket - Mujer,polares,arriba,75000,"Polar con cierres completo, refuerzos en nylon en pecho y hombros, bolsillo en el pecho y dos bolsillos laterales con cierres YKK.
Detalles: Presenta leve desgaste estético general en el fleece exterior, propio del uso, sin afectar su funcionamiento.",S - Para M,Ancho 52cm | Largo 62cm,9/10,https://iifrudupaxcahnopxqcb.supabase.co/storage/v1/object/public/Products/96b145c7-99af-41fa-b262-2b4c781a4608/1782931189243-7btnxu.webp,https://iifrudupaxcahnopxqcb.supabase.co/storage/v1/object/public/Products/96b145c7-99af-41fa-b262-2b4c781a4608/1782931313037-ahtt1n.webp,"[""M""]",true,false,2026-07-01 18:11:27.177566+00,"[""https://iifrudupaxcahnopxqcb.supabase.co/storage/v1/object/public/Products/96b145c7-99af-41fa-b262-2b4c781a4608/1782931189243-7btnxu.webp"", ""https://iifrudupaxcahnopxqcb.supabase.co/storage/v1/object/public/Products/96b145c7-99af-41fa-b262-2b4c781a4608/1782931313037-ahtt1n.webp"", ""https://iifrudupaxcahnopxqcb.supabase.co/storage/v1/object/public/Products/96b145c7-99af-41fa-b262-2b4c781a4608/1782931312617-od2b8y.webp"", ""https://iifrudupaxcahnopxqcb.supabase.co/storage/v1/object/public/Products/96b145c7-99af-41fa-b262-2b4c781a4608/1782931313550-gq3nqa.webp""]","[""polares"",""camperas zip""]",7
9e604bb0-8e43-4ed3-bb09-3e70719a31c0,Campera Zip Track Jacket Narrow Y2K Retro – Hombre,camperas zip,arriba,45000,"<strong>Narrow Sportswear</strong> Zip-Up <strong>Y2K Retro</strong>
Amarillo, gris y líneas negras. <strong>Cuello alto reforzado.</strong> <strong>Cierre YKK original.</strong> 2 bolsillos laterales. <strong>Patch Narrow bordado en pecho</strong> & etiqueta original. Tela microfibra sin desgaste. Colorway <strong>amarillo, gris y negro.</strong> Fit <strong>Regular.</strong>",M - Para L,Ancho 52cm | Largo 72cm,"9,5/10",https://iifrudupaxcahnopxqcb.supabase.co/storage/v1/object/public/Products/Campera%20Zip%20Narrow.webp,https://iifrudupaxcahnopxqcb.supabase.co/storage/v1/object/public/Products/Campera%20Zip%20Narrow%201.webp,"[""L""]",true,false,2026-06-22 02:38:20.317244+00,"[""https://iifrudupaxcahnopxqcb.supabase.co/storage/v1/object/public/Products/Campera%20Zip%20Narrow.webp"", ""https://iifrudupaxcahnopxqcb.supabase.co/storage/v1/object/public/Products/Campera%20Zip%20Narrow%201.webp"", ""https://iifrudupaxcahnopxqcb.supabase.co/storage/v1/object/public/Products/Campera%20Zip%20Narrow%202.webp"", ""https://iifrudupaxcahnopxqcb.supabase.co/storage/v1/object/public/Products/Campera%20Zip%20Narrow%203.webp""]","[""camperas zip""]",34
a380e075-31ed-4e8a-a99f-871a3462ef91,Jogger Nike Club Fleece 2010s – Unisex,pantalones,abajo,54000,"Pantalon de <strong>algodón fleece de alta densidad</strong>, suave por dentro y resistente por fuera. El fit es <strong>medium relaxed</strong> ,cuenta con puños en tobillo para silueta limpia.  <strong>Logo Nike & swoosh bordado</strong> en muslo, <strong>cordón ajustable</strong> en cintura elástica y <strong>bolsillos laterales</strong> + <strong>bolsillo trasero con botón de acero</strong>. Este botón metálico lo diferencia de los Nike base actuales.",S - Para M,Cintura 37cm - Exp. 53cm | Largo 92cm,10/10,https://iifrudupaxcahnopxqcb.supabase.co/storage/v1/object/public/Products/Jogging%20Nike.webp,https://iifrudupaxcahnopxqcb.supabase.co/storage/v1/object/public/Products/Jogging%20Nike%203.webp,"[""M""]",true,true,2026-06-22 15:49:33.788882+00,"[""https://iifrudupaxcahnopxqcb.supabase.co/storage/v1/object/public/Products/Jogging%20Nike.webp"", ""https://iifrudupaxcahnopxqcb.supabase.co/storage/v1/object/public/Products/Jogging%20Nike%203.webp"", ""https://iifrudupaxcahnopxqcb.supabase.co/storage/v1/object/public/Products/Jogging%20Nike%201.webp"", ""https://iifrudupaxcahnopxqcb.supabase.co/storage/v1/object/public/Products/Jogging%20Nike%202.webp""]","[""pantalones""]",31
b3a3348c-48ef-4fc4-adbd-38f7b6c0cbf3,Campera Zip Narrow UNLTD – Hombre,camperas zip,arriba,38000,"Algodón grueso, de muy buena calidad y abrigado",L - Para M,Ancho 62cm | Largo 63cm,10/10,https://iifrudupaxcahnopxqcb.supabase.co/storage/v1/object/public/Products/temp-1783203648047-8279e3/1783203657761-1qlp46.webp,https://iifrudupaxcahnopxqcb.supabase.co/storage/v1/object/public/Products/temp-1783203648047-8279e3/1783203657345-r0truv.webp,"[""M""]",true,false,2026-07-04 22:24:00.444125+00,"[""https://iifrudupaxcahnopxqcb.supabase.co/storage/v1/object/public/Products/temp-1783203648047-8279e3/1783203657761-1qlp46.webp"", ""https://iifrudupaxcahnopxqcb.supabase.co/storage/v1/object/public/Products/temp-1783203648047-8279e3/1783203657345-r0truv.webp""]","[""camperas zip""]",17
c4fc142d-2981-4fd0-a89a-06011845614e,Hoodie Nike – Hombre,hoodies,arriba,45000,Detalles: Leve desgaste general,L,Ancho 64cm | Largo 70cm,"9,5/10",https://iifrudupaxcahnopxqcb.supabase.co/storage/v1/object/public/Products/temp-1782955637567-01zqs6/1782955645683-x0ebis.webp,https://iifrudupaxcahnopxqcb.supabase.co/storage/v1/object/public/Products/temp-1782955637567-01zqs6/1782955659122-jqz8c1.webp,"[""L""]",true,false,2026-07-02 01:29:05.512967+00,"[""https://iifrudupaxcahnopxqcb.supabase.co/storage/v1/object/public/Products/temp-1782955637567-01zqs6/1782955645683-x0ebis.webp"", ""https://iifrudupaxcahnopxqcb.supabase.co/storage/v1/object/public/Products/temp-1782955637567-01zqs6/1782955659122-jqz8c1.webp""]","[""hoodies""]",23
c64a2d10-5e96-406c-88d1-a5d4171de0b9,Hoodie Nike Sportswear Club Fleece – Unisex,hoodies,arriba,45000,"Tela muy suave y comodo, color Celeste pastel
Detalles: No cuenta con su etiqueta superior.",M,Ancho 58cm | Largo 66cm,10/10,https://iifrudupaxcahnopxqcb.supabase.co/storage/v1/object/public/Products/c64a2d10-5e96-406c-88d1-a5d4171de0b9/1782924055822-qad2m7.webp,https://iifrudupaxcahnopxqcb.supabase.co/storage/v1/object/public/Products/c64a2d10-5e96-406c-88d1-a5d4171de0b9/1783461598837-1lu7za.webp,"[""M""]",true,false,2026-06-30 01:02:31.437547+00,"[""https://iifrudupaxcahnopxqcb.supabase.co/storage/v1/object/public/Products/c64a2d10-5e96-406c-88d1-a5d4171de0b9/1782924055822-qad2m7.webp"", ""https://iifrudupaxcahnopxqcb.supabase.co/storage/v1/object/public/Products/c64a2d10-5e96-406c-88d1-a5d4171de0b9/1783461598837-1lu7za.webp""]","[""hoodies""]",4
cd419770-2540-4e80-b705-260a5d0a5ad2,Hoodie Legendary Whitetails Snowcap Camo – Unisex,hoodies,arriba,65000,,XL - Oversize,Ancho 71cm | Largo 84cm,10/10,https://iifrudupaxcahnopxqcb.supabase.co/storage/v1/object/public/Products/temp-1782842682901-f61g7e/1782843236062-k2pjc7.webp,,"[""XL""]",true,false,2026-06-30 18:14:39.407562+00,"[""https://iifrudupaxcahnopxqcb.supabase.co/storage/v1/object/public/Products/temp-1782842682901-f61g7e/1782843236062-k2pjc7.webp""]","[""hoodies""]",28
cd58f98c-9618-4b77-aafe-1238f4b5630f,Campera Zip Oxford Polo Club – Hombre,camperas zip,arriba,70000,Nueva sin uso,L,Ancho 53cm | Largo 68cm,10/10,https://iifrudupaxcahnopxqcb.supabase.co/storage/v1/object/public/Products/temp-1783203224801-rftkcz/1783203273713-60jt1g.webp,https://iifrudupaxcahnopxqcb.supabase.co/storage/v1/object/public/Products/temp-1783203224801-rftkcz/1783203272643-mnqfox.webp,"[""L""]",true,false,2026-07-04 22:17:41.084814+00,"[""https://iifrudupaxcahnopxqcb.supabase.co/storage/v1/object/public/Products/temp-1783203224801-rftkcz/1783203273713-60jt1g.webp"", ""https://iifrudupaxcahnopxqcb.supabase.co/storage/v1/object/public/Products/temp-1783203224801-rftkcz/1783203272643-mnqfox.webp"", ""https://iifrudupaxcahnopxqcb.supabase.co/storage/v1/object/public/Products/temp-1783203224801-rftkcz/1783203272142-fql2it.webp"", ""https://iifrudupaxcahnopxqcb.supabase.co/storage/v1/object/public/Products/temp-1783203224801-rftkcz/1783203273124-b05aj6.webp""]","[""camperas zip""]",18
e8973eb9-102d-4954-8fcb-8cff7b334c51,Campera Zip Champion Micropolar deportivo C9 - Mujer,polares,arriba,40000,Cuenta con detalles,L,Ancho 55cm | Largo 71cm,10/10,https://iifrudupaxcahnopxqcb.supabase.co/storage/v1/object/public/Products/e8973eb9-102d-4954-8fcb-8cff7b334c51/1783037756410-2m8qg2.webp,https://iifrudupaxcahnopxqcb.supabase.co/storage/v1/object/public/Products/e8973eb9-102d-4954-8fcb-8cff7b334c51/1783037755265-gmzfta.webp,"[""L""]",true,false,2026-07-03 00:06:45.729939+00,"[""https://iifrudupaxcahnopxqcb.supabase.co/storage/v1/object/public/Products/e8973eb9-102d-4954-8fcb-8cff7b334c51/1783037756410-2m8qg2.webp"", ""https://iifrudupaxcahnopxqcb.supabase.co/storage/v1/object/public/Products/e8973eb9-102d-4954-8fcb-8cff7b334c51/1783037755265-gmzfta.webp"", ""https://iifrudupaxcahnopxqcb.supabase.co/storage/v1/object/public/Products/e8973eb9-102d-4954-8fcb-8cff7b334c51/1783037755912-yqktsv.webp""]","[""polares"",""camperas zip""]",11
e8d90f68-5f84-4c59-a6ed-f686175411f2,Remera Polo Ralph Lauren – Hombre,remeras,arriba,40000,"Algodón de muy buena calidad, suave y cómoda.",XL,Ancho 53cm | Largo 75cm,10/10,https://iifrudupaxcahnopxqcb.supabase.co/storage/v1/object/public/Products/temp-1782955756393-wsbozd/1782955767664-nczfna.webp,,"[""XL""]",true,false,2026-07-02 01:33:04.055886+00,"[""https://iifrudupaxcahnopxqcb.supabase.co/storage/v1/object/public/Products/temp-1782955756393-wsbozd/1782955767664-nczfna.webp""]","[""remeras""]",22
fe46393f-a8e3-44f7-bd56-4db432e3be75,Chomba Grand Slam Old Money Y2K – Hombre,chombas,arriba,48000,"Color <strong> Crema Hueso</strong>
<strong>100% Polyester DRY-FIT</strong>, <strong>Rayas Jacquard Satinadas</strong>, <strong>Botones grabados con logo Grand Slam</strong> + <strong>Mangas 3/4 al Codo</strong> + <strong>Abertura lateral inferior</strong>
<strong>Bolsillo</strong> + <strong> Logo bordado en Manga</strong> <strong>Corte 2000s</strong>",L,Ancho 56cm | Largo 74cm,10/10,https://iifrudupaxcahnopxqcb.supabase.co/storage/v1/object/public/Products/temp-1783203938403-go0rbr/1783204085591-mh4ixx.webp,https://iifrudupaxcahnopxqcb.supabase.co/storage/v1/object/public/Products/temp-1783203938403-go0rbr/1783204083476-gbry7n.webp,"[""L""]",true,false,2026-07-04 22:34:42.108829+00,"[""https://iifrudupaxcahnopxqcb.supabase.co/storage/v1/object/public/Products/temp-1783203938403-go0rbr/1783204085591-mh4ixx.webp"", ""https://iifrudupaxcahnopxqcb.supabase.co/storage/v1/object/public/Products/temp-1783203938403-go0rbr/1783204083476-gbry7n.webp"", ""https://iifrudupaxcahnopxqcb.supabase.co/storage/v1/object/public/Products/temp-1783203938403-go0rbr/1783204084307-72pan8.webp"", ""https://iifrudupaxcahnopxqcb.supabase.co/storage/v1/object/public/Products/temp-1783203938403-go0rbr/1783204084771-xyob1i.webp"", ""https://iifrudupaxcahnopxqcb.supabase.co/storage/v1/object/public/Products/temp-1783203938403-go0rbr/1783204085207-fwk244.webp""]","[""chombas""]",16
fff30c44-7388-49e4-bd16-eda381cfd29c,Remera Nike – Hombre,remeras,arriba,35000,,S - Para M,Ancho 44cm | Largo 71cm,10/10,https://iifrudupaxcahnopxqcb.supabase.co/storage/v1/object/public/Products/temp-1783111026779-2uq6d8/1783111109202-dstcrt.webp,https://iifrudupaxcahnopxqcb.supabase.co/storage/v1/object/public/Products/temp-1783111026779-2uq6d8/1783111106379-7xiv7j.webp,"[""M""]",true,false,2026-07-03 20:38:37.527386+00,"[""https://iifrudupaxcahnopxqcb.supabase.co/storage/v1/object/public/Products/temp-1783111026779-2uq6d8/1783111109202-dstcrt.webp"", ""https://iifrudupaxcahnopxqcb.supabase.co/storage/v1/object/public/Products/temp-1783111026779-2uq6d8/1783111106379-7xiv7j.webp"", ""https://iifrudupaxcahnopxqcb.supabase.co/storage/v1/object/public/Products/temp-1783111026779-2uq6d8/1783111108077-p6shtb.webp"", ""https://iifrudupaxcahnopxqcb.supabase.co/storage/v1/object/public/Products/temp-1783111026779-2uq6d8/1783111107363-6lmjgz.webp""]","[""remeras"",""casacas deportivas""]",19